,module_short,func_short,mean_cpu,std_cpu
1,libfsl-newimage.so,NEWIMAGE::q_tri_interpolation,6.969624085714286,0.1560235103491426
2,libfsl-newimage.so,NEWIMAGE::p_normcorr_smoothed,4.6892784,0.1672088391079708
3,libfsl-newimage.so,NEWIMAGE::findrangex,1.6767879428571428,0.09626705916720689
4,[Outside any module],[Outside any known module],5.3923065333333335,6.9196186566346976
5,libz.so,longest_match,2.29663378125,0.11483702372513577
6,libc-2.31.so,__libc_fork,1.7760867179487179,0.16068319310958457
7,vmlinux,perf_iterate_ctx,0.45966725641025635,0.05524838881038114
8,vmlinux,zlib_inflate,0.4538844871794872,0.041228561923853733
