,module_short,func_short,mean_cpu,std_cpu
1,fast,NEWIMAGE::convolve,68.59438382608695,2.0822907170919813
2,fast,ZMRISegmentation::MRFWeightsInner,19.14923682608696,2.35546971798414
3,[Outside any module],[Outside any known module],59.7452139032258,56.42563727328015
4,libm-2.31.so,func@0x80fa4,6.546114403846153,0.7534472453853132
5,libm-2.31.so,exp,5.722260076923077,2.148685951707574
6,libc-2.31.so,func@0x18b644,5.517285277777778,1.668275541084972
7,libfsl-newimage.so,NEWIMAGE::maskedIterator::operator++,4.83830268627451,0.16392629835282524
